TDSFU Daily run: Mon Oct 27 15:14:27 UTC 2025 TDSFU
TDSFU Daily run: Tue Oct 28 04:35:29 UTC 2025 TDSFU
TDSFU Daily run: Wed Oct 29 04:41:26 UTC 2025 TDSFU
TDSFU Daily run: Thu Oct 30 04:35:03 UTC 2025 TDSFU
TDSFU Daily run: Fri Oct 31 04:38:28 UTC 2025 TDSFU
TDSFU Daily run: Sat Nov  1 04:33:03 UTC 2025 TDSFU
TDSFU Daily run: Sun Nov  2 04:35:54 UTC 2025 TDSFU
TDSFU Daily run: Mon Nov  3 04:41:58 UTC 2025 TDSFU
TDSFU Daily run: Tue Nov  4 04:35:36 UTC 2025 TDSFU
TDSFU Daily run: Wed Nov  5 04:36:40 UTC 2025 TDSFU
TDSFU Daily run: Thu Nov  6 04:41:38 UTC 2025 TDSFU
TDSFU Daily run: Fri Nov  7 04:36:02 UTC 2025 TDSFU
TDSFU Daily run: Sat Nov  8 04:34:11 UTC 2025 TDSFU
